{
    "forms": [
        {
            "id": 0,
            "name": "Wellness Check",
            "content": [
                {
                    "question": "Is anyone in your family in need of assistance?",
                    "type": "select",
                    "options": [
                        "yes",
                        "no"
                    ]
                },
                {
                    "question": "Do you know the whereabouts of your family?",
                    "type": "mc",
                    "options": [
                        "true",
                        "false"
                    ]
                }
            ],
            "date": "3/19/22",
            "modified": "3/19/22",
            "responses": "2",
            "percent": "5%"
        },
        {
            "id": 1,
            "name": "aaa",
            "content": [
                {
                    "question": "Is anyone in your family in need of assistance?",
                    "type": "select",
                    "options": [
                        "yes",
                        "no"
                    ]
                },
                {
                    "question": "Do you know the whereabouts of your family?",
                    "type": "select",
                    "options": [
                        "yes",
                        "no"
                    ]
                }
            ],
            "date": "2/19/22",
            "modified": "3/19/22",
            "responses": "2",
            "percent": "5%"
        },
        {
            "id": 0,
            "name": "Check",
            "content": [
                {
                    "question": "Is anyone in your family in need of assistance?",
                    "type": "One Choice",
                    "options": [
                        "yes",
                        "no"
                    ]
                },
                {
                    "question": "Do you know the whereabouts of your family?",
                    "type": "One Choice",
                    "options": [
                        "yes",
                        "no"
                    ]
                }
            ],
            "date": "3/19/22",
            "modified": "3/19/22",
            "responses": "2",
            "percent": "5%"
        }
    ]
}