{
    "members": [
        {
            "id": 0,
            "username": "",
            "password": "",
            "name": "John Smith",
            "position": "secretary",
            "img": "pic.jpg",
            "groups": "MSA, council",
            "email": "johnsmity@gmail.com",
            "phone": "(129)123-2322",
            "isLeader": true,
            "accepted": true
        },
        {
            "id": 1,
            "name": "John Smith",
            "position": "secretary",
            "groups": [
                "MSA",
                "council"
            ],
            "email": "johnsmity@gmail.com",
            "isLeader": true,
            "accepted": false
        },
        {
            "id": 2,
            "name": "Alan Smith",
            "position": "secretary",
            "groups": [
                "council"
            ],
            "email": "johnsmity@gmail.com",
            "isLeader": false,
            "accepted": true
        }
    ]
}